{"mean": [0.6026490066225165, 35.93377483443709, 159.63576158940398, 65.26158940397352, 31.106666666666666, 0.039735099337748346, 0.0, 65.22666666666666, 67.62357142857142, 7.69205298013245, 0.26533427940712706], "scale": [0.489349753693011, 20.30583019862179, 5.424354502701216, 4.570215421287471, 0.6167278175038013, 0.19533617488414073, 1.0, 5.350183096039602, 5.8821720851211285, 1.198593169760732, 0.3942927889982627]}